[
{
  "model": "admin.logentry",
  "pk": 1,
  "fields": {
    "action_time": "2024-11-14T10:41:44.490Z",
    "user": 3,
    "content_type": 12,
    "object_id": "1",
    "object_repr": "127.0.0.1",
    "action_flag": 2,
    "change_message": "[{\"changed\": {\"fields\": [\"Domain name\"]}}]"
  }
},
{
  "model": "admin.logentry",
  "pk": 2,
  "fields": {
    "action_time": "2024-11-14T10:55:53.955Z",
    "user": 3,
    "content_type": 19,
    "object_id": "1",
    "object_repr": "Yandex",
    "action_flag": 1,
    "change_message": "[{\"added\": {}}]"
  }
},
{
  "model": "admin.logentry",
  "pk": 3,
  "fields": {
    "action_time": "2024-11-14T11:01:54.809Z",
    "user": 3,
    "content_type": 3,
    "object_id": "1",
    "object_repr": "common users",
    "action_flag": 1,
    "change_message": "[{\"added\": {}}]"
  }
},
{
  "model": "admin.logentry",
  "pk": 4,
  "fields": {
    "action_time": "2024-11-14T11:02:58.770Z",
    "user": 3,
    "content_type": 3,
    "object_id": "2",
    "object_repr": "managers",
    "action_flag": 1,
    "change_message": "[{\"added\": {}}]"
  }
},
{
  "model": "admin.logentry",
  "pk": 5,
  "fields": {
    "action_time": "2024-11-14T11:04:10.543Z",
    "user": 3,
    "content_type": 4,
    "object_id": "2",
    "object_repr": "Дарья",
    "action_flag": 2,
    "change_message": "[{\"changed\": {\"fields\": [\"Groups\"]}}]"
  }
},
{
  "model": "admin.logentry",
  "pk": 6,
  "fields": {
    "action_time": "2024-11-14T11:04:54.586Z",
    "user": 3,
    "content_type": 4,
    "object_id": "1",
    "object_repr": "Денис",
    "action_flag": 2,
    "change_message": "[{\"changed\": {\"fields\": [\"Groups\"]}}]"
  }
},
{
  "model": "admin.logentry",
  "pk": 7,
  "fields": {
    "action_time": "2024-11-14T11:05:15.623Z",
    "user": 3,
    "content_type": 4,
    "object_id": "1",
    "object_repr": "Дениска",
    "action_flag": 2,
    "change_message": "[{\"changed\": {\"fields\": [\"Username\", \"Groups\"]}}]"
  }
},
{
  "model": "admin.logentry",
  "pk": 8,
  "fields": {
    "action_time": "2024-11-14T11:05:35.358Z",
    "user": 3,
    "content_type": 4,
    "object_id": "3",
    "object_repr": "denisAdmin",
    "action_flag": 2,
    "change_message": "[{\"changed\": {\"fields\": [\"Username\", \"Groups\"]}}]"
  }
},
{
  "model": "admin.logentry",
  "pk": 9,
  "fields": {
    "action_time": "2024-11-14T11:07:44.247Z",
    "user": 3,
    "content_type": 3,
    "object_id": "1",
    "object_repr": "authors_grupp",
    "action_flag": 2,
    "change_message": "[{\"changed\": {\"fields\": [\"Name\"]}}]"
  }
},
{
  "model": "admin.logentry",
  "pk": 11,
  "fields": {
    "action_time": "2024-11-14T11:25:58.224Z",
    "user": 3,
    "content_type": 3,
    "object_id": "1",
    "object_repr": "authors",
    "action_flag": 2,
    "change_message": "[{\"changed\": {\"fields\": [\"Name\"]}}]"
  }
},
{
  "model": "admin.logentry",
  "pk": 12,
  "fields": {
    "action_time": "2024-11-14T12:40:20.938Z",
    "user": 3,
    "content_type": 3,
    "object_id": "1",
    "object_repr": "authors",
    "action_flag": 2,
    "change_message": "[{\"changed\": {\"fields\": [\"Permissions\"]}}]"
  }
},
{
  "model": "admin.logentry",
  "pk": 13,
  "fields": {
    "action_time": "2024-11-14T12:43:31.165Z",
    "user": 3,
    "content_type": 4,
    "object_id": "12",
    "object_repr": "test2",
    "action_flag": 2,
    "change_message": "[{\"changed\": {\"fields\": [\"password\"]}}]"
  }
},
{
  "model": "admin.logentry",
  "pk": 14,
  "fields": {
    "action_time": "2024-11-14T13:54:01.501Z",
    "user": 3,
    "content_type": 3,
    "object_id": "1",
    "object_repr": "authors",
    "action_flag": 2,
    "change_message": "[{\"changed\": {\"fields\": [\"Permissions\"]}}]"
  }
},
{
  "model": "admin.logentry",
  "pk": 15,
  "fields": {
    "action_time": "2024-11-21T12:30:25.409Z",
    "user": 3,
    "content_type": 4,
    "object_id": "9",
    "object_repr": "titan182",
    "action_flag": 3,
    "change_message": ""
  }
},
{
  "model": "admin.logentry",
  "pk": 16,
  "fields": {
    "action_time": "2024-11-21T12:49:43.324Z",
    "user": 3,
    "content_type": 16,
    "object_id": "8",
    "object_repr": "titan182@yandex.ru",
    "action_flag": 3,
    "change_message": ""
  }
},
{
  "model": "admin.logentry",
  "pk": 17,
  "fields": {
    "action_time": "2024-11-21T15:55:39.752Z",
    "user": 3,
    "content_type": 4,
    "object_id": "16",
    "object_repr": "duuuuusay",
    "action_flag": 3,
    "change_message": ""
  }
},
{
  "model": "auth.permission",
  "pk": 1,
  "fields": {
    "name": "Can add log entry",
    "content_type": 1,
    "codename": "add_logentry"
  }
},
{
  "model": "auth.permission",
  "pk": 2,
  "fields": {
    "name": "Can change log entry",
    "content_type": 1,
    "codename": "change_logentry"
  }
},
{
  "model": "auth.permission",
  "pk": 3,
  "fields": {
    "name": "Can delete log entry",
    "content_type": 1,
    "codename": "delete_logentry"
  }
},
{
  "model": "auth.permission",
  "pk": 4,
  "fields": {
    "name": "Can view log entry",
    "content_type": 1,
    "codename": "view_logentry"
  }
},
{
  "model": "auth.permission",
  "pk": 5,
  "fields": {
    "name": "Can add permission",
    "content_type": 2,
    "codename": "add_permission"
  }
},
{
  "model": "auth.permission",
  "pk": 6,
  "fields": {
    "name": "Can change permission",
    "content_type": 2,
    "codename": "change_permission"
  }
},
{
  "model": "auth.permission",
  "pk": 7,
  "fields": {
    "name": "Can delete permission",
    "content_type": 2,
    "codename": "delete_permission"
  }
},
{
  "model": "auth.permission",
  "pk": 8,
  "fields": {
    "name": "Can view permission",
    "content_type": 2,
    "codename": "view_permission"
  }
},
{
  "model": "auth.permission",
  "pk": 9,
  "fields": {
    "name": "Can add group",
    "content_type": 3,
    "codename": "add_group"
  }
},
{
  "model": "auth.permission",
  "pk": 10,
  "fields": {
    "name": "Can change group",
    "content_type": 3,
    "codename": "change_group"
  }
},
{
  "model": "auth.permission",
  "pk": 11,
  "fields": {
    "name": "Can delete group",
    "content_type": 3,
    "codename": "delete_group"
  }
},
{
  "model": "auth.permission",
  "pk": 12,
  "fields": {
    "name": "Can view group",
    "content_type": 3,
    "codename": "view_group"
  }
},
{
  "model": "auth.permission",
  "pk": 13,
  "fields": {
    "name": "Can add user",
    "content_type": 4,
    "codename": "add_user"
  }
},
{
  "model": "auth.permission",
  "pk": 14,
  "fields": {
    "name": "Can change user",
    "content_type": 4,
    "codename": "change_user"
  }
},
{
  "model": "auth.permission",
  "pk": 15,
  "fields": {
    "name": "Can delete user",
    "content_type": 4,
    "codename": "delete_user"
  }
},
{
  "model": "auth.permission",
  "pk": 16,
  "fields": {
    "name": "Can view user",
    "content_type": 4,
    "codename": "view_user"
  }
},
{
  "model": "auth.permission",
  "pk": 17,
  "fields": {
    "name": "Can add content type",
    "content_type": 5,
    "codename": "add_contenttype"
  }
},
{
  "model": "auth.permission",
  "pk": 18,
  "fields": {
    "name": "Can change content type",
    "content_type": 5,
    "codename": "change_contenttype"
  }
},
{
  "model": "auth.permission",
  "pk": 19,
  "fields": {
    "name": "Can delete content type",
    "content_type": 5,
    "codename": "delete_contenttype"
  }
},
{
  "model": "auth.permission",
  "pk": 20,
  "fields": {
    "name": "Can view content type",
    "content_type": 5,
    "codename": "view_contenttype"
  }
},
{
  "model": "auth.permission",
  "pk": 21,
  "fields": {
    "name": "Can add session",
    "content_type": 6,
    "codename": "add_session"
  }
},
{
  "model": "auth.permission",
  "pk": 22,
  "fields": {
    "name": "Can change session",
    "content_type": 6,
    "codename": "change_session"
  }
},
{
  "model": "auth.permission",
  "pk": 23,
  "fields": {
    "name": "Can delete session",
    "content_type": 6,
    "codename": "delete_session"
  }
},
{
  "model": "auth.permission",
  "pk": 24,
  "fields": {
    "name": "Can view session",
    "content_type": 6,
    "codename": "view_session"
  }
},
{
  "model": "auth.permission",
  "pk": 25,
  "fields": {
    "name": "Can add author",
    "content_type": 7,
    "codename": "add_author"
  }
},
{
  "model": "auth.permission",
  "pk": 26,
  "fields": {
    "name": "Can change author",
    "content_type": 7,
    "codename": "change_author"
  }
},
{
  "model": "auth.permission",
  "pk": 27,
  "fields": {
    "name": "Can delete author",
    "content_type": 7,
    "codename": "delete_author"
  }
},
{
  "model": "auth.permission",
  "pk": 28,
  "fields": {
    "name": "Can view author",
    "content_type": 7,
    "codename": "view_author"
  }
},
{
  "model": "auth.permission",
  "pk": 29,
  "fields": {
    "name": "Can add category",
    "content_type": 8,
    "codename": "add_category"
  }
},
{
  "model": "auth.permission",
  "pk": 30,
  "fields": {
    "name": "Can change category",
    "content_type": 8,
    "codename": "change_category"
  }
},
{
  "model": "auth.permission",
  "pk": 31,
  "fields": {
    "name": "Can delete category",
    "content_type": 8,
    "codename": "delete_category"
  }
},
{
  "model": "auth.permission",
  "pk": 32,
  "fields": {
    "name": "Can view category",
    "content_type": 8,
    "codename": "view_category"
  }
},
{
  "model": "auth.permission",
  "pk": 33,
  "fields": {
    "name": "Can add post",
    "content_type": 9,
    "codename": "add_post"
  }
},
{
  "model": "auth.permission",
  "pk": 34,
  "fields": {
    "name": "Can change post",
    "content_type": 9,
    "codename": "change_post"
  }
},
{
  "model": "auth.permission",
  "pk": 35,
  "fields": {
    "name": "Can delete post",
    "content_type": 9,
    "codename": "delete_post"
  }
},
{
  "model": "auth.permission",
  "pk": 36,
  "fields": {
    "name": "Can view post",
    "content_type": 9,
    "codename": "view_post"
  }
},
{
  "model": "auth.permission",
  "pk": 37,
  "fields": {
    "name": "Can add post category",
    "content_type": 10,
    "codename": "add_postcategory"
  }
},
{
  "model": "auth.permission",
  "pk": 38,
  "fields": {
    "name": "Can change post category",
    "content_type": 10,
    "codename": "change_postcategory"
  }
},
{
  "model": "auth.permission",
  "pk": 39,
  "fields": {
    "name": "Can delete post category",
    "content_type": 10,
    "codename": "delete_postcategory"
  }
},
{
  "model": "auth.permission",
  "pk": 40,
  "fields": {
    "name": "Can view post category",
    "content_type": 10,
    "codename": "view_postcategory"
  }
},
{
  "model": "auth.permission",
  "pk": 41,
  "fields": {
    "name": "Can add comment",
    "content_type": 11,
    "codename": "add_comment"
  }
},
{
  "model": "auth.permission",
  "pk": 42,
  "fields": {
    "name": "Can change comment",
    "content_type": 11,
    "codename": "change_comment"
  }
},
{
  "model": "auth.permission",
  "pk": 43,
  "fields": {
    "name": "Can delete comment",
    "content_type": 11,
    "codename": "delete_comment"
  }
},
{
  "model": "auth.permission",
  "pk": 44,
  "fields": {
    "name": "Can view comment",
    "content_type": 11,
    "codename": "view_comment"
  }
},
{
  "model": "auth.permission",
  "pk": 45,
  "fields": {
    "name": "Can add site",
    "content_type": 12,
    "codename": "add_site"
  }
},
{
  "model": "auth.permission",
  "pk": 46,
  "fields": {
    "name": "Can change site",
    "content_type": 12,
    "codename": "change_site"
  }
},
{
  "model": "auth.permission",
  "pk": 47,
  "fields": {
    "name": "Can delete site",
    "content_type": 12,
    "codename": "delete_site"
  }
},
{
  "model": "auth.permission",
  "pk": 48,
  "fields": {
    "name": "Can view site",
    "content_type": 12,
    "codename": "view_site"
  }
},
{
  "model": "auth.permission",
  "pk": 49,
  "fields": {
    "name": "Can add flat page",
    "content_type": 13,
    "codename": "add_flatpage"
  }
},
{
  "model": "auth.permission",
  "pk": 50,
  "fields": {
    "name": "Can change flat page",
    "content_type": 13,
    "codename": "change_flatpage"
  }
},
{
  "model": "auth.permission",
  "pk": 51,
  "fields": {
    "name": "Can delete flat page",
    "content_type": 13,
    "codename": "delete_flatpage"
  }
},
{
  "model": "auth.permission",
  "pk": 52,
  "fields": {
    "name": "Can view flat page",
    "content_type": 13,
    "codename": "view_flatpage"
  }
},
{
  "model": "auth.permission",
  "pk": 53,
  "fields": {
    "name": "Can add email address",
    "content_type": 14,
    "codename": "add_emailaddress"
  }
},
{
  "model": "auth.permission",
  "pk": 54,
  "fields": {
    "name": "Can change email address",
    "content_type": 14,
    "codename": "change_emailaddress"
  }
},
{
  "model": "auth.permission",
  "pk": 55,
  "fields": {
    "name": "Can delete email address",
    "content_type": 14,
    "codename": "delete_emailaddress"
  }
},
{
  "model": "auth.permission",
  "pk": 56,
  "fields": {
    "name": "Can view email address",
    "content_type": 14,
    "codename": "view_emailaddress"
  }
},
{
  "model": "auth.permission",
  "pk": 57,
  "fields": {
    "name": "Can add email confirmation",
    "content_type": 15,
    "codename": "add_emailconfirmation"
  }
},
{
  "model": "auth.permission",
  "pk": 58,
  "fields": {
    "name": "Can change email confirmation",
    "content_type": 15,
    "codename": "change_emailconfirmation"
  }
},
{
  "model": "auth.permission",
  "pk": 59,
  "fields": {
    "name": "Can delete email confirmation",
    "content_type": 15,
    "codename": "delete_emailconfirmation"
  }
},
{
  "model": "auth.permission",
  "pk": 60,
  "fields": {
    "name": "Can view email confirmation",
    "content_type": 15,
    "codename": "view_emailconfirmation"
  }
},
{
  "model": "auth.permission",
  "pk": 61,
  "fields": {
    "name": "Can add email address",
    "content_type": 16,
    "codename": "add_emailaddress"
  }
},
{
  "model": "auth.permission",
  "pk": 62,
  "fields": {
    "name": "Can change email address",
    "content_type": 16,
    "codename": "change_emailaddress"
  }
},
{
  "model": "auth.permission",
  "pk": 63,
  "fields": {
    "name": "Can delete email address",
    "content_type": 16,
    "codename": "delete_emailaddress"
  }
},
{
  "model": "auth.permission",
  "pk": 64,
  "fields": {
    "name": "Can view email address",
    "content_type": 16,
    "codename": "view_emailaddress"
  }
},
{
  "model": "auth.permission",
  "pk": 65,
  "fields": {
    "name": "Can add email confirmation",
    "content_type": 17,
    "codename": "add_emailconfirmation"
  }
},
{
  "model": "auth.permission",
  "pk": 66,
  "fields": {
    "name": "Can change email confirmation",
    "content_type": 17,
    "codename": "change_emailconfirmation"
  }
},
{
  "model": "auth.permission",
  "pk": 67,
  "fields": {
    "name": "Can delete email confirmation",
    "content_type": 17,
    "codename": "delete_emailconfirmation"
  }
},
{
  "model": "auth.permission",
  "pk": 68,
  "fields": {
    "name": "Can view email confirmation",
    "content_type": 17,
    "codename": "view_emailconfirmation"
  }
},
{
  "model": "auth.permission",
  "pk": 69,
  "fields": {
    "name": "Can add social account",
    "content_type": 18,
    "codename": "add_socialaccount"
  }
},
{
  "model": "auth.permission",
  "pk": 70,
  "fields": {
    "name": "Can change social account",
    "content_type": 18,
    "codename": "change_socialaccount"
  }
},
{
  "model": "auth.permission",
  "pk": 71,
  "fields": {
    "name": "Can delete social account",
    "content_type": 18,
    "codename": "delete_socialaccount"
  }
},
{
  "model": "auth.permission",
  "pk": 72,
  "fields": {
    "name": "Can view social account",
    "content_type": 18,
    "codename": "view_socialaccount"
  }
},
{
  "model": "auth.permission",
  "pk": 73,
  "fields": {
    "name": "Can add social application",
    "content_type": 19,
    "codename": "add_socialapp"
  }
},
{
  "model": "auth.permission",
  "pk": 74,
  "fields": {
    "name": "Can change social application",
    "content_type": 19,
    "codename": "change_socialapp"
  }
},
{
  "model": "auth.permission",
  "pk": 75,
  "fields": {
    "name": "Can delete social application",
    "content_type": 19,
    "codename": "delete_socialapp"
  }
},
{
  "model": "auth.permission",
  "pk": 76,
  "fields": {
    "name": "Can view social application",
    "content_type": 19,
    "codename": "view_socialapp"
  }
},
{
  "model": "auth.permission",
  "pk": 77,
  "fields": {
    "name": "Can add social application token",
    "content_type": 20,
    "codename": "add_socialtoken"
  }
},
{
  "model": "auth.permission",
  "pk": 78,
  "fields": {
    "name": "Can change social application token",
    "content_type": 20,
    "codename": "change_socialtoken"
  }
},
{
  "model": "auth.permission",
  "pk": 79,
  "fields": {
    "name": "Can delete social application token",
    "content_type": 20,
    "codename": "delete_socialtoken"
  }
},
{
  "model": "auth.permission",
  "pk": 80,
  "fields": {
    "name": "Can view social application token",
    "content_type": 20,
    "codename": "view_socialtoken"
  }
},
{
  "model": "auth.permission",
  "pk": 81,
  "fields": {
    "name": "Can add subscription",
    "content_type": 21,
    "codename": "add_subscription"
  }
},
{
  "model": "auth.permission",
  "pk": 82,
  "fields": {
    "name": "Can change subscription",
    "content_type": 21,
    "codename": "change_subscription"
  }
},
{
  "model": "auth.permission",
  "pk": 83,
  "fields": {
    "name": "Can delete subscription",
    "content_type": 21,
    "codename": "delete_subscription"
  }
},
{
  "model": "auth.permission",
  "pk": 84,
  "fields": {
    "name": "Can view subscription",
    "content_type": 21,
    "codename": "view_subscription"
  }
},
{
  "model": "auth.permission",
  "pk": 85,
  "fields": {
    "name": "Can add django job",
    "content_type": 22,
    "codename": "add_djangojob"
  }
},
{
  "model": "auth.permission",
  "pk": 86,
  "fields": {
    "name": "Can change django job",
    "content_type": 22,
    "codename": "change_djangojob"
  }
},
{
  "model": "auth.permission",
  "pk": 87,
  "fields": {
    "name": "Can delete django job",
    "content_type": 22,
    "codename": "delete_djangojob"
  }
},
{
  "model": "auth.permission",
  "pk": 88,
  "fields": {
    "name": "Can view django job",
    "content_type": 22,
    "codename": "view_djangojob"
  }
},
{
  "model": "auth.permission",
  "pk": 89,
  "fields": {
    "name": "Can add django job execution",
    "content_type": 23,
    "codename": "add_djangojobexecution"
  }
},
{
  "model": "auth.permission",
  "pk": 90,
  "fields": {
    "name": "Can change django job execution",
    "content_type": 23,
    "codename": "change_djangojobexecution"
  }
},
{
  "model": "auth.permission",
  "pk": 91,
  "fields": {
    "name": "Can delete django job execution",
    "content_type": 23,
    "codename": "delete_djangojobexecution"
  }
},
{
  "model": "auth.permission",
  "pk": 92,
  "fields": {
    "name": "Can view django job execution",
    "content_type": 23,
    "codename": "view_djangojobexecution"
  }
},
{
  "model": "auth.group",
  "pk": 1,
  "fields": {
    "name": "authors",
    "permissions": [
      33,
      34
    ]
  }
},
{
  "model": "auth.group",
  "pk": 2,
  "fields": {
    "name": "managers",
    "permissions": []
  }
},
{
  "model": "auth.user",
  "pk": 1,
  "fields": {
    "password": "!riTtizQzr38l5STCFI2xl0SerD7qPs21k5EZ3WfY",
    "last_login": null,
    "is_superuser": false,
    "username": "Дениска",
    "first_name": "",
    "last_name": "",
    "email": "",
    "is_staff": false,
    "is_active": true,
    "date_joined": "2024-11-06T18:29:02Z",
    "groups": [],
    "user_permissions": []
  }
},
{
  "model": "auth.user",
  "pk": 2,
  "fields": {
    "password": "!Svd3LTsN013L3DmyyHOzGTKyXWHRcUv7XOdziTwL",
    "last_login": null,
    "is_superuser": false,
    "username": "Дарья",
    "first_name": "",
    "last_name": "",
    "email": "",
    "is_staff": false,
    "is_active": true,
    "date_joined": "2024-11-06T18:29:20Z",
    "groups": [
      1
    ],
    "user_permissions": []
  }
},
{
  "model": "auth.user",
  "pk": 3,
  "fields": {
    "password": "pbkdf2_sha256$600000$NtZ9IX1910g4H7Cy7S2J74$vdrygXzkwvUTR30wzgCm20GRt04uM89tJahilAl+mhY=",
    "last_login": "2024-11-21T15:57:03.583Z",
    "is_superuser": true,
    "username": "denisAdmin",
    "first_name": "",
    "last_name": "",
    "email": "",
    "is_staff": true,
    "is_active": true,
    "date_joined": "2024-11-06T21:36:10Z",
    "groups": [
      1,
      2
    ],
    "user_permissions": []
  }
},
{
  "model": "auth.user",
  "pk": 4,
  "fields": {
    "password": "!d1YWHHtyFiFG4xjeoMbbI3Tu110wJI75ZZFBRws1",
    "last_login": null,
    "is_superuser": false,
    "username": "Олег",
    "first_name": "",
    "last_name": "",
    "email": "",
    "is_staff": false,
    "is_active": true,
    "date_joined": "2024-11-07T00:11:56.268Z",
    "groups": [],
    "user_permissions": []
  }
},
{
  "model": "auth.user",
  "pk": 5,
  "fields": {
    "password": "!ge8r4vBURxwWf3AYQbnjQTSgEjkGy1npGtHvqWxS",
    "last_login": null,
    "is_superuser": false,
    "username": "Ирина",
    "first_name": "",
    "last_name": "",
    "email": "",
    "is_staff": false,
    "is_active": true,
    "date_joined": "2024-11-07T00:12:10.101Z",
    "groups": [],
    "user_permissions": []
  }
},
{
  "model": "auth.user",
  "pk": 6,
  "fields": {
    "password": "!GwJDXrRsOcI51r9w3oi9JrtEig11Oypx7zBTetxL",
    "last_login": null,
    "is_superuser": false,
    "username": "Наталья",
    "first_name": "",
    "last_name": "",
    "email": "",
    "is_staff": false,
    "is_active": true,
    "date_joined": "2024-11-07T00:12:24.093Z",
    "groups": [],
    "user_permissions": []
  }
},
{
  "model": "auth.user",
  "pk": 7,
  "fields": {
    "password": "!X0dWqATbH9v7eNfoMtHZh4RufIAYCZiXM3gZgzPl",
    "last_login": null,
    "is_superuser": false,
    "username": "Александр",
    "first_name": "",
    "last_name": "",
    "email": "",
    "is_staff": false,
    "is_active": true,
    "date_joined": "2024-11-07T00:12:40.462Z",
    "groups": [],
    "user_permissions": []
  }
},
{
  "model": "auth.user",
  "pk": 8,
  "fields": {
    "password": "!6bi3JDlHH1Xdj0SUfSlDQkjyVkPfFXwVuWMkT6aQ",
    "last_login": null,
    "is_superuser": false,
    "username": "Антон",
    "first_name": "",
    "last_name": "",
    "email": "",
    "is_staff": false,
    "is_active": true,
    "date_joined": "2024-11-07T00:14:58.877Z",
    "groups": [],
    "user_permissions": []
  }
},
{
  "model": "auth.user",
  "pk": 10,
  "fields": {
    "password": "pbkdf2_sha256$600000$1aaVssqULxibI3WvbC3EeC$oSxusktDiP13hsq3av0nwb2FjUX4ocm8rC/bwR+T8/4=",
    "last_login": null,
    "is_superuser": false,
    "username": "new_usertest",
    "first_name": "",
    "last_name": "",
    "email": "new_usertest@test.com",
    "is_staff": false,
    "is_active": true,
    "date_joined": "2024-11-14T11:13:10.810Z",
    "groups": [],
    "user_permissions": []
  }
},
{
  "model": "auth.user",
  "pk": 12,
  "fields": {
    "password": "pbkdf2_sha256$600000$VGDpKbwqCVXBhTJZhAY7Zz$0hgpekb0rBWtKZSFDsrq7judlBc5ZkfoVm63x2BTKgo=",
    "last_login": null,
    "is_superuser": false,
    "username": "test2",
    "first_name": "",
    "last_name": "",
    "email": "test2@test2.com",
    "is_staff": false,
    "is_active": true,
    "date_joined": "2024-11-14T11:29:39.903Z",
    "groups": [
      1
    ],
    "user_permissions": []
  }
},
{
  "model": "auth.user",
  "pk": 13,
  "fields": {
    "password": "pbkdf2_sha256$600000$tk5HTj6keub6oJGrmg7bKG$65lACLBQio4OSU/iAJTi5RmprKhkeXJDS26HkjaApSU=",
    "last_login": null,
    "is_superuser": false,
    "username": "1",
    "first_name": "",
    "last_name": "",
    "email": "1@1.com",
    "is_staff": false,
    "is_active": true,
    "date_joined": "2024-11-14T12:45:08.104Z",
    "groups": [
      1
    ],
    "user_permissions": []
  }
},
{
  "model": "auth.user",
  "pk": 14,
  "fields": {
    "password": "pbkdf2_sha256$600000$lfqzuZq2uXAsXfFm2K4rYL$5E7ND1HWjvO6U1CjLevUgQkg6MyVOc731/6q87uSLc0=",
    "last_login": "2024-11-14T15:54:43.996Z",
    "is_superuser": false,
    "username": "2",
    "first_name": "",
    "last_name": "",
    "email": "2@2.com",
    "is_staff": false,
    "is_active": true,
    "date_joined": "2024-11-14T15:49:50.531Z",
    "groups": [
      1
    ],
    "user_permissions": []
  }
},
{
  "model": "auth.user",
  "pk": 15,
  "fields": {
    "password": "pbkdf2_sha256$600000$EgEeXLrZIYoYgGT5tXIoWO$MhFRGGUWgeQgZ8EycSxOuDJbExvd4c2bm9d41Y9zIl8=",
    "last_login": "2024-11-14T17:11:13.928Z",
    "is_superuser": false,
    "username": "3",
    "first_name": "",
    "last_name": "",
    "email": "3@3.com",
    "is_staff": false,
    "is_active": true,
    "date_joined": "2024-11-14T17:11:13.454Z",
    "groups": [
      1
    ],
    "user_permissions": []
  }
},
{
  "model": "auth.user",
  "pk": 17,
  "fields": {
    "password": "pbkdf2_sha256$600000$JzBMMxvRvHJJEoJlz08I3i$PwSMowRORyb7FlywyimlyjEEqFKG3sY/h/LlU+NCtug=",
    "last_login": "2024-11-21T12:30:57.418Z",
    "is_superuser": false,
    "username": "titan182",
    "first_name": "",
    "last_name": "",
    "email": "titan182@yandex.ru",
    "is_staff": false,
    "is_active": true,
    "date_joined": "2024-11-21T12:30:56.936Z",
    "groups": [
      1
    ],
    "user_permissions": []
  }
},
{
  "model": "auth.user",
  "pk": 18,
  "fields": {
    "password": "pbkdf2_sha256$600000$1BYExrDUiQVafvv2Ts4tuq$dvwO01ng09aeTOp4kVOZwj0fPGgPRU3lF4dtm6s6ysM=",
    "last_login": "2024-11-21T12:50:37.373Z",
    "is_superuser": false,
    "username": "5",
    "first_name": "",
    "last_name": "",
    "email": "5@5.com",
    "is_staff": false,
    "is_active": true,
    "date_joined": "2024-11-21T12:50:36.875Z",
    "groups": [
      1
    ],
    "user_permissions": []
  }
},
{
  "model": "auth.user",
  "pk": 19,
  "fields": {
    "password": "pbkdf2_sha256$600000$m5nKCyWqtCVH7QLBAlfIb6$tt+2btcfXjZZkx4d4RmMqjStHdqgORQBAJmAWreyGZY=",
    "last_login": null,
    "is_superuser": false,
    "username": "duuuuusay",
    "first_name": "",
    "last_name": "",
    "email": "duuuuusay@mail.ru",
    "is_staff": false,
    "is_active": true,
    "date_joined": "2024-11-21T15:56:01.505Z",
    "groups": [
      1
    ],
    "user_permissions": []
  }
},
{
  "model": "contenttypes.contenttype",
  "pk": 1,
  "fields": {
    "app_label": "admin",
    "model": "logentry"
  }
},
{
  "model": "contenttypes.contenttype",
  "pk": 2,
  "fields": {
    "app_label": "auth",
    "model": "permission"
  }
},
{
  "model": "contenttypes.contenttype",
  "pk": 3,
  "fields": {
    "app_label": "auth",
    "model": "group"
  }
},
{
  "model": "contenttypes.contenttype",
  "pk": 4,
  "fields": {
    "app_label": "auth",
    "model": "user"
  }
},
{
  "model": "contenttypes.contenttype",
  "pk": 5,
  "fields": {
    "app_label": "contenttypes",
    "model": "contenttype"
  }
},
{
  "model": "contenttypes.contenttype",
  "pk": 6,
  "fields": {
    "app_label": "sessions",
    "model": "session"
  }
},
{
  "model": "contenttypes.contenttype",
  "pk": 7,
  "fields": {
    "app_label": "news",
    "model": "author"
  }
},
{
  "model": "contenttypes.contenttype",
  "pk": 8,
  "fields": {
    "app_label": "news",
    "model": "category"
  }
},
{
  "model": "contenttypes.contenttype",
  "pk": 9,
  "fields": {
    "app_label": "news",
    "model": "post"
  }
},
{
  "model": "contenttypes.contenttype",
  "pk": 10,
  "fields": {
    "app_label": "news",
    "model": "postcategory"
  }
},
{
  "model": "contenttypes.contenttype",
  "pk": 11,
  "fields": {
    "app_label": "news",
    "model": "comment"
  }
},
{
  "model": "contenttypes.contenttype",
  "pk": 12,
  "fields": {
    "app_label": "sites",
    "model": "site"
  }
},
{
  "model": "contenttypes.contenttype",
  "pk": 13,
  "fields": {
    "app_label": "flatpages",
    "model": "flatpage"
  }
},
{
  "model": "contenttypes.contenttype",
  "pk": 14,
  "fields": {
    "app_label": "allauth",
    "model": "emailaddress"
  }
},
{
  "model": "contenttypes.contenttype",
  "pk": 15,
  "fields": {
    "app_label": "allauth",
    "model": "emailconfirmation"
  }
},
{
  "model": "contenttypes.contenttype",
  "pk": 16,
  "fields": {
    "app_label": "account",
    "model": "emailaddress"
  }
},
{
  "model": "contenttypes.contenttype",
  "pk": 17,
  "fields": {
    "app_label": "account",
    "model": "emailconfirmation"
  }
},
{
  "model": "contenttypes.contenttype",
  "pk": 18,
  "fields": {
    "app_label": "socialaccount",
    "model": "socialaccount"
  }
},
{
  "model": "contenttypes.contenttype",
  "pk": 19,
  "fields": {
    "app_label": "socialaccount",
    "model": "socialapp"
  }
},
{
  "model": "contenttypes.contenttype",
  "pk": 20,
  "fields": {
    "app_label": "socialaccount",
    "model": "socialtoken"
  }
},
{
  "model": "contenttypes.contenttype",
  "pk": 21,
  "fields": {
    "app_label": "news",
    "model": "subscription"
  }
},
{
  "model": "contenttypes.contenttype",
  "pk": 22,
  "fields": {
    "app_label": "django_apscheduler",
    "model": "djangojob"
  }
},
{
  "model": "contenttypes.contenttype",
  "pk": 23,
  "fields": {
    "app_label": "django_apscheduler",
    "model": "djangojobexecution"
  }
},
{
  "model": "sessions.session",
  "pk": "58ke0r1cfz881wphjx8h47cija6yyhma",
  "fields": {
    "session_data": ".eJxVkMGSgyAMht8l544jWir1uPc-AxMgKq3FDsLudDp994222x1vkP8LX8ID0Noph6S_KfrOk9N0RT9CG_I47j7pOPU-QPuAPFPUtwu0cIYdrOy71WLyEzNwxeAwTfHOwOz7kG_QpphpB5Gcj2STzvFj2OgWHEd9-cHYz6x7cilhosXMh56WIqzDaHPXdnJrxDp80QO7R3IvId_X0e5_O_2THNkcI4XEA2-gJfLBJ89ap5Fz0dRVVe7lQRRHJUWtGkY05jTo9Tc866CGTc2gvVBYAnfG0E-FnUKK3hQLUrzTuTjxAuPXm908MOA8LN0CXWPlvjTOdM1elaoSoqxrJ8SRA6UkOXlUBlXVuY4OsiZplDhYY2VlGwvPX5eZpXs:1tE9YF:Ry3_2mnKp6iRuquJfAKlFVGtMhEm6Tc_wuILk8aSskw",
    "expire_date": "2024-12-05T15:57:03.593Z"
  }
},
{
  "model": "sessions.session",
  "pk": "xyhlroq3a6ui73136ha9rkhapirkg113",
  "fields": {
    "session_data": ".eJxVjMsOwiAQRf-FtSE8Spm6dO83EGYGpGpoUtqV8d-VpAvd3nPOfYkQ962EvaU1zCzOworT74aRHql2wPdYb4ukpW7rjLIr8qBNXhdOz8vh_h2U2EqvdWRPblDImP0ACozWylrWevoCAJfYTYARTOacRmeTQ9AjITlDnsT7A-dNODc:1tBYKR:MlZJ0fEw8OOTshFUQEFg-kSvXhogOh6ffes_iSr5F3o",
    "expire_date": "2024-11-28T11:48:03.020Z"
  }
},
{
  "model": "news.author",
  "pk": 1,
  "fields": {
    "user": 1,
    "rating": 14
  }
},
{
  "model": "news.author",
  "pk": 2,
  "fields": {
    "user": 2,
    "rating": 1
  }
},
{
  "model": "news.author",
  "pk": 3,
  "fields": {
    "user": 8,
    "rating": 0
  }
},
{
  "model": "news.category",
  "pk": 1,
  "fields": {
    "name": "Экономика"
  }
},
{
  "model": "news.category",
  "pk": 2,
  "fields": {
    "name": "Политика"
  }
},
{
  "model": "news.category",
  "pk": 3,
  "fields": {
    "name": "Спорт"
  }
},
{
  "model": "news.category",
  "pk": 4,
  "fields": {
    "name": "Бизнес"
  }
},
{
  "model": "news.category",
  "pk": 5,
  "fields": {
    "name": "Погода"
  }
},
{
  "model": "news.category",
  "pk": 6,
  "fields": {
    "name": "Животные"
  }
},
{
  "model": "news.category",
  "pk": 7,
  "fields": {
    "name": "IT-TV"
  }
},
{
  "model": "news.post",
  "pk": 3,
  "fields": {
    "author": 2,
    "post_type": "new",
    "post_time": "2024-11-06T18:35:44.102Z",
    "title": "Проверка обновления новости",
    "text": "Формула Update вроде как работает, но мы еще не пробовали сохранить, а то было дело",
    "rating": 0
  }
},
{
  "model": "news.post",
  "pk": 4,
  "fields": {
    "author": 3,
    "post_type": "new",
    "post_time": "2024-11-07T00:15:49.501Z",
    "title": "Заголовок 4",
    "text": "текст новостей 4",
    "rating": 0
  }
},
{
  "model": "news.post",
  "pk": 5,
  "fields": {
    "author": 3,
    "post_type": "new",
    "post_time": "2024-11-07T10:44:49.086Z",
    "title": "Мышление мыслителей",
    "text": "Мышление — это высшая форма познавательной деятельности человека, социально обусловленный психический процесс опосредованного и обобщённого отражения действительности.",
    "rating": 0
  }
},
{
  "model": "news.post",
  "pk": 6,
  "fields": {
    "author": 3,
    "post_type": "NE",
    "post_time": "2024-11-07T10:59:04.395Z",
    "title": "Мышление мыслителей",
    "text": "Мышление — это высшая форма познавательной деятельности человека, социально обусловленный психический процесс опосредованного и обобщённого отражения действительности.",
    "rating": 0
  }
},
{
  "model": "news.post",
  "pk": 7,
  "fields": {
    "author": 1,
    "post_type": "NE",
    "post_time": "2024-11-07T11:26:31.439Z",
    "title": "Рубль подскочил",
    "text": "Официальный курс доллара впервые за год превысил 98 руб. Центробанк 5 ноября увеличил стоимость американской валюты сразу на 50,5 коп. Таким образом ее цена достигла значений октября 2023-го.",
    "rating": 0
  }
},
{
  "model": "news.post",
  "pk": 8,
  "fields": {
    "author": 2,
    "post_type": "NE",
    "post_time": "2024-11-07T11:29:20.471Z",
    "title": "Hello from django app",
    "text": "Почему вылазиет ошибка после сохранения поста",
    "rating": 0
  }
},
{
  "model": "news.post",
  "pk": 9,
  "fields": {
    "author": 2,
    "post_type": "NE",
    "post_time": "2024-11-07T12:03:10.776Z",
    "title": "ошибка при сохранение поста",
    "text": "Я долго мучался и уже так близко к решению задачи, но меня жена жена позвала на обед. Поем и моя борьба продолжится",
    "rating": 0
  }
},
{
  "model": "news.post",
  "pk": 10,
  "fields": {
    "author": 2,
    "post_type": "NE",
    "post_time": "2024-11-07T12:11:28.784Z",
    "title": "последняя попытка",
    "text": "Это было должно помочь, но узнаю  я после нажатия кнопки save....",
    "rating": 0
  }
},
{
  "model": "news.post",
  "pk": 11,
  "fields": {
    "author": 3,
    "post_type": "NE",
    "post_time": "2024-11-07T12:14:17.232Z",
    "title": "123",
    "text": "piiiiiiiiiiiiiiiiikaxhghxf",
    "rating": 0
  }
},
{
  "model": "news.post",
  "pk": 12,
  "fields": {
    "author": 2,
    "post_type": "NE",
    "post_time": "2024-11-07T12:24:31.834Z",
    "title": "Шел третий день",
    "text": "Я все еще не понял как решить проблему, я уже ссылаюсь на крайние меры и пойти в пачку, но я из последних сил попробовал последнее решение, будем пробовать",
    "rating": 0
  }
},
{
  "model": "news.post",
  "pk": 13,
  "fields": {
    "author": 3,
    "post_type": "NE",
    "post_time": "2024-11-07T12:25:42.034Z",
    "title": "ПОЛУЧИЛОСЬ",
    "text": "Восторг и радость меня посетила, а все потому что я просто не внимательный и хорошо что с это тупостью справился сам а не пошел в пачку",
    "rating": 0
  }
},
{
  "model": "news.post",
  "pk": 14,
  "fields": {
    "author": 2,
    "post_type": "NE",
    "post_time": "2024-11-07T13:31:30.579Z",
    "title": "Это все",
    "text": "Вроде все получилось будем комитеть",
    "rating": 0
  }
},
{
  "model": "news.post",
  "pk": 15,
  "fields": {
    "author": 1,
    "post_type": "NE",
    "post_time": "2024-11-14T14:17:06.710Z",
    "title": "проверка",
    "text": "проверяю работу",
    "rating": 0
  }
},
{
  "model": "news.post",
  "pk": 16,
  "fields": {
    "author": 3,
    "post_type": "NE",
    "post_time": "2024-11-21T13:47:24.779Z",
    "title": "123",
    "text": "fgdfhfghfg",
    "rating": 0
  }
},
{
  "model": "news.post",
  "pk": 17,
  "fields": {
    "author": 2,
    "post_type": "NE",
    "post_time": "2024-11-21T14:10:39.237Z",
    "title": "hggfh",
    "text": "xhghhxfgh",
    "rating": 0
  }
},
{
  "model": "news.post",
  "pk": 18,
  "fields": {
    "author": 2,
    "post_type": "NE",
    "post_time": "2024-11-21T14:11:08.051Z",
    "title": "hggfhcj",
    "text": "xhghhxfghcjhj",
    "rating": 0
  }
},
{
  "model": "news.post",
  "pk": 19,
  "fields": {
    "author": 2,
    "post_type": "NE",
    "post_time": "2024-11-21T14:45:53.730Z",
    "title": "tretsr",
    "text": "tdrtgrfdg",
    "rating": 0
  }
},
{
  "model": "news.post",
  "pk": 20,
  "fields": {
    "author": 1,
    "post_type": "NE",
    "post_time": "2024-12-05T14:42:01.849Z",
    "title": "u65",
    "text": "gvxhngxfc xghxvjhkhjkhjkf ghx ghx kjgjkgkxfhf",
    "rating": 0
  }
},
{
  "model": "news.postcategory",
  "pk": 3,
  "fields": {
    "post": 5,
    "category": 4
  }
},
{
  "model": "news.postcategory",
  "pk": 4,
  "fields": {
    "post": 6,
    "category": 4
  }
},
{
  "model": "news.postcategory",
  "pk": 5,
  "fields": {
    "post": 7,
    "category": 4
  }
},
{
  "model": "news.postcategory",
  "pk": 6,
  "fields": {
    "post": 8,
    "category": 3
  }
},
{
  "model": "news.postcategory",
  "pk": 7,
  "fields": {
    "post": 9,
    "category": 3
  }
},
{
  "model": "news.postcategory",
  "pk": 8,
  "fields": {
    "post": 10,
    "category": 4
  }
},
{
  "model": "news.postcategory",
  "pk": 9,
  "fields": {
    "post": 11,
    "category": 1
  }
},
{
  "model": "news.postcategory",
  "pk": 10,
  "fields": {
    "post": 12,
    "category": 2
  }
},
{
  "model": "news.postcategory",
  "pk": 11,
  "fields": {
    "post": 13,
    "category": 1
  }
},
{
  "model": "news.postcategory",
  "pk": 12,
  "fields": {
    "post": 3,
    "category": 3
  }
},
{
  "model": "news.postcategory",
  "pk": 14,
  "fields": {
    "post": 14,
    "category": 7
  }
},
{
  "model": "news.postcategory",
  "pk": 15,
  "fields": {
    "post": 15,
    "category": 7
  }
},
{
  "model": "news.postcategory",
  "pk": 16,
  "fields": {
    "post": 16,
    "category": 1
  }
},
{
  "model": "news.postcategory",
  "pk": 17,
  "fields": {
    "post": 18,
    "category": 2
  }
},
{
  "model": "news.postcategory",
  "pk": 18,
  "fields": {
    "post": 19,
    "category": 4
  }
},
{
  "model": "news.postcategory",
  "pk": 19,
  "fields": {
    "post": 20,
    "category": 4
  }
},
{
  "model": "news.comment",
  "pk": 4,
  "fields": {
    "post": 3,
    "user": 1,
    "comment_time": "2024-11-06T18:38:40.670Z",
    "text": "текст комментария 4",
    "rating": 0
  }
},
{
  "model": "news.subscription",
  "pk": 3,
  "fields": {
    "user": 18,
    "category": 4
  }
},
{
  "model": "news.subscription",
  "pk": 4,
  "fields": {
    "user": 18,
    "category": 7
  }
},
{
  "model": "news.subscription",
  "pk": 5,
  "fields": {
    "user": 18,
    "category": 6
  }
},
{
  "model": "news.subscription",
  "pk": 6,
  "fields": {
    "user": 18,
    "category": 5
  }
},
{
  "model": "news.subscription",
  "pk": 7,
  "fields": {
    "user": 18,
    "category": 2
  }
},
{
  "model": "news.subscription",
  "pk": 8,
  "fields": {
    "user": 18,
    "category": 3
  }
},
{
  "model": "news.subscription",
  "pk": 9,
  "fields": {
    "user": 18,
    "category": 1
  }
},
{
  "model": "news.subscription",
  "pk": 10,
  "fields": {
    "user": 3,
    "category": 7
  }
},
{
  "model": "news.subscription",
  "pk": 11,
  "fields": {
    "user": 3,
    "category": 1
  }
},
{
  "model": "news.subscription",
  "pk": 12,
  "fields": {
    "user": 3,
    "category": 1
  }
},
{
  "model": "sites.site",
  "pk": 1,
  "fields": {
    "domain": "127.0.0.1",
    "name": "example.com"
  }
},
{
  "model": "account.emailaddress",
  "pk": 2,
  "fields": {
    "user": 10,
    "email": "new_usertest@test.com",
    "verified": false,
    "primary": true
  }
},
{
  "model": "account.emailaddress",
  "pk": 3,
  "fields": {
    "user": 12,
    "email": "test2@test2.com",
    "verified": false,
    "primary": true
  }
},
{
  "model": "account.emailaddress",
  "pk": 4,
  "fields": {
    "user": 13,
    "email": "1@1.com",
    "verified": false,
    "primary": true
  }
},
{
  "model": "account.emailaddress",
  "pk": 5,
  "fields": {
    "user": 14,
    "email": "2@2.com",
    "verified": false,
    "primary": true
  }
},
{
  "model": "account.emailaddress",
  "pk": 6,
  "fields": {
    "user": 15,
    "email": "3@3.com",
    "verified": false,
    "primary": true
  }
},
{
  "model": "account.emailaddress",
  "pk": 9,
  "fields": {
    "user": 18,
    "email": "5@5.com",
    "verified": false,
    "primary": true
  }
},
{
  "model": "account.emailaddress",
  "pk": 10,
  "fields": {
    "user": 19,
    "email": "duuuuusay@mail.ru",
    "verified": false,
    "primary": true
  }
},
{
  "model": "socialaccount.socialapp",
  "pk": 1,
  "fields": {
    "provider": "yandex",
    "provider_id": "",
    "name": "Yandex",
    "client_id": "0fcba9c6335a4b19b867ef7a6c571d0c",
    "secret": "3c0b4580b6eb487aa9231ae421fa1b9b",
    "key": "",
    "settings": {},
    "sites": [
      1
    ]
  }
}
]
